STATEMENT
This Agreement and shall be governed by and interpreted in accordance with the laws of the State of New York
The choice of South African law as the governing law of the Finance Documents expressed to be governed by South African law will be recognised and enforced in its jurisdiction of incorporation
"THIS AGREEMENT AND THE OTHER LOAN DOCUMENTS AND ANY CLAIMS, CONTROVERSY, DISPUTE OR CAUSE OF ACTION BASED UPON, ARISING OUT OF OR RELATING TO THIS AGREEMENT OR ANY OTHER LOAN DOCUMENT AND THE TRANSACTIONS CONTEMPLATED HEREBY AND THEREBY SHALL BE GOVERNED BY, AND CONSTRUED IN ACCORDANCE WITH, THE LAW OF INDIA."
"This Agreement shall be governed by the laws of the State of New York. If any term of this Agreement or the application thereof to any person or circumstances shall to any extent be invalid or unenforceable, the remainder of this Agreement or the application of such terms to any person or circumstances other than those as to which it is invalid or unenforceable shall not be affected thereby, and each term of this Agreement shall be valid and enforceable to the fullest extent permitted by law."
