STATEMENT
Borrowers will indemnify each Lender against any and all loss or expense which it may sustain or incur
"The Borrower shall indemnify all parties, and each Related Party of any of the foregoing Persons (each such Person being called an “Indemnitee”) against, and hold each Indemnitee harmless from, any and all losses, claims, damages, liabilities and related expenses"
Administrative Agent shall be entitled to reimbursement of its reasonable out-of-pocket expenses incurred hereunder and indemnity for its actions
Syndication Agent shall be entitled to reimbursement of its reasonable expenses incurred on legal charges and indemnity for its actions
"The Lenders agree to indemnify the Administrative Agent and the Collateral Agent, each in its capacity as such (to the extent not reimbursed by the Borrowers and without limiting the obligation of the Borrowers to do so), ratably according to their respective portions of the total Term Loans and Incremental Revolving Facility Commitments."
