STATEMENT
"Eligible receivables are not subject to any limitation on assignment or other restriction which would, under the local governing law of the contract creating such receivable, have the effect of restricting the assignment for or by way of security or the creation of security over such receivable generally;"
“Acceptance Condition” means the condition with respect to the number of acceptances to the Offer which must be secured to declare the Offer unconditional as to acceptances which shall not be less than 90% of the Target Shares to which the Offer relates.
"Applicable Rate” means, the following percentages per annum, based upon the Consolidated Leverage Ratio as set forth in the most recent Compliance Certificate received by the Administrative Agent"
"“Disinterested Director” shall mean, with respect to any person and transaction, a member of the Board of Directors of such person who does not have any material direct or indirect financial interest in or with respect to such transaction."
