STATEMENT
"This CREDIT AGREEMENT is entered into as of November 23, 2010, among Dkin’ Finance Corp., a Delaware corporation (Borrower) and, upon the effectiveness of its joinder to this Agreement, DKN Brands Holdings, Inc., a Delaware corporation and, upon the Assumption, DKN Brands, Inc., a Delaware corporation, each lender from time to time party hereto, and Clays Bank PLC, as Administrative Agent, Swingline Lender and L/C Issuer."
"This agreement is dated 22 December 2014 and made between Parties XYZ Gold Mining Company Limited, The Subsidiaries of the Borrower listed in Part I of Schedule 1 as original guarantors, Absa Bank Limited and Nedbank Limited as coordinators, The Financial Institutions listed in Part II of Schedule 1 as mandated lead arrangers and lenders and Nedbank Limited as agent of the other Finance Parties"
"This TERM LOAN AGREEMENT, dated as of April 24, 2020, is by and among Pepo Holdings, Inc. (“Borrower”), the Lenders (defined herein), JPC Bank, N.A., as administrative agent, and The Bank of Scotia, as documentation agent."
"This CREDIT AGREEMENT is entered into as of December 11, 2016 among TD TECHNOLOGIES INCORPORATED, a Delaware corporation (the “Borrower”), the Guarantors (defined herein), the Lenders (defined herein) and BANK OF RIC0, N.A., as Administrative Agent."
