WORD_ID,VOCAB_WORD
0,lender
1,shall
2,agreement
3,agent
4,law
5,borrow
6,administr
7,govern
8,respect
9,loan
10,term
11,default
12,limit
13,person
14,parti
15,bank
16,upon
17,relat
18,document
19,receiv
20,delawar
21,expens
22,date
23,corpor
24,hold
25,reimburs
26,accept
27,credit
28,secur
29,offer
30,defin
31,incur
32,action
33,accord
34,extent
35,transact
36,mean
37,herein
38,reason
39,applic
40,among
41,subject
42,financ
43,indemnifi
44,restrict
45,enforc
46,portion
47,director
48,state
49,deem
50,brand
51,claim
52,guarantor
53,list
54,dkn
55,schedul
56,nedbank
57,set
58,south
59,decemb
60,invalid
61,indemnite
62,entitl
63,enter
64,swinglin
65,forth
66,time
67,base
68,part
69,york
70,legal
71,financi
72,african
73,unenforc
74,effect
75,revolv
76,incorpor
77,assign
78,condit
79,circumst
80,indemn
81,new
82,therebi
83,loss
84,liabil
85,mandat
86,member
87,board
88,interest
89,made
90,affect
91,annum
92,certif
93,capac
94,novemb
95,gener
96,elig
97,herebi
98,three
99,ii
100,charg
101,arrang
102,interpret
103,oblig
104,determin
105,total
106,local
107,letter
108,technolog
109,fund
110,fullest
111,aris
112,gold
113,harmless
114,recognis
115,express
116,clay
117,consent
118,period
119,percentag
120,subsidiari
121,must
122,assumpt
123,jurisdict
124,recent
125,thereof
126,purpos
127,waiver
128,way
129,collater
130,proceed
131,fail
132,creat
133,within
134,agre
135,declar
136,controversi
137,india
138,uncondit
139,particip
140,follow
141,ratabl
142,requir
143,right
144,mine
145,day
146,absa
147,issuer
148,forego
149,facil
150,hereto
151,jpc
152,april
153,less
154,ratio
155,leverag
156,sustain
157,remaind
158,lead
159,scotia
160,target
161,hereund
162,share
163,busi
164,rate
165,joinder
166,disinterest
167,direct
168,dkin
169,institut
170,matter
171,contempl
172,vote
173,choic
174,relief
175,syndic
176,without
177,td
178,per
179,origin
180,complianc
181,pepo
182,number
183,may
184,creation
185,valid
186,indirect
187,increment
188,call
189,plc
190,establish
191,permit
192,definit
193,would
194,debtor
195,xyz
196,compani
197,therefor
198,caus
199,disapprov
200,damag
201,contract
202,commit
203,amend
204,materi
205,coordin
206,approv
207,consolid
208,disput
209,constru
